<?xml version="1.0" encoding="WINDOWS-1252" standalone="no"?>
<jardesc>
    <jar path="C:/Users/Shiv/Documents/CandylandJar/Candylandhope.jar"/>
    <options buildIfNeeded="true" compress="true" descriptionLocation="/Candyland/src/Candyland.jardesc" exportErrors="true" exportWarnings="true" includeDirectoryEntries="false" overwrite="false" saveDescription="true" storeRefactorings="false" useSourceFolders="false"/>
    <storedRefactorings deprecationInfo="true" structuralOnly="false"/>
    <selectedProjects/>
    <manifest generateManifest="false" manifestLocation="/Candyland/manifest.mf" manifestVersion="1.0" reuseManifest="false" saveManifest="false" usesManifest="true">
        <sealing sealJar="false">
            <packagesToSeal/>
            <packagesToUnSeal/>
        </sealing>
    </manifest>
    <selectedElements exportClassFiles="true" exportJavaFiles="true" exportOutputFolder="false">
        <javaElement handleIdentifier="=Candyland/src"/>
        <file path="/Candyland/.project"/>
        <file path="/Candyland/.classpath"/>
        <file path="/Candyland/manifest.mf"/>
    </selectedElements>
</jardesc>
